Country,Confirmed,Deaths
Afghanistan,157858,7322
Albania,203215,3130
Algeria,212434,6132
Andorra,19440,133
Angola,65371,1737
Antigua and Barbuda,4159,117
Argentina,5354440,116748
Armenia,342115,7767
Australia,2196,15
Australia,85447,637
Australia,307,1
Australia,2167,7
Australia,991,4
Australia,240,13
Australia,134911,1414
Australia,1123,9
Austria,1221095,13076
Azerbaijan,602137,8055
Bahamas,22881,708
Bahrain,277997,1394
Bangladesh,1578819,28017
Barbados,26668,249
Belarus,671432,5245
Belgium,279265,0
Belgium,224906,0
Belgium,239386,0
Belgium,166092,0
Belgium,232721,0
Belgium,212029,0
Belgium,127225,0
Belgium,51543,0
Belgium,92970,0
Belgium,31415,27504
Belgium,72660,0
Belgium,199560,0
Belize,31033,586
Benin,24897,161
Bhutan,2649,3
Bolivia,549638,19281
Bosnia and Herzegovina,280980,12918
Botswana,196090,2421
Brazil,88264,1849
Brazil,241772,6365
Brazil,125252,2005
Brazil,431086,13812
Brazil,1264804,27370
Brazil,952894,24709
Brazil,518309,11052
Brazil,624058,13234
Brazil,942610,24601
Brazil,366930,10333
Brazil,550879,13759
Brazil,379448,9703
Brazil,2213520,56386
Brazil,613978,16965
Brazil,462450,9555
Brazil,1586082,40819
Brazil,642881,20301
Brazil,333318,7220
Brazil,384052,7514
Brazil,1497889,36262
Brazil,1349385,69224
Brazil,280495,6671
Brazil,128717,2061
Brazil,1237060,20073
Brazil,4448466,154638
Brazil,278347,6049
Brazil,234113,3927
Brunei,15283,98
Bulgaria,713083,29459
Burkina Faso,16334,290
Burma,526024,19170
Burundi,20666,38
Cabo Verde,38489,351
Cambodia,120327,2978
Cameroon,107549,1823
Canada,338428,3272
Canada,222013,2381
Canada,0,1
Canada,13,0
Canada,69507,1345
Canada,9366,139
Canada,2078,18
Canada,2070,12
Canada,8591,110
Canada,676,4
Canada,637761,10117
Canada,397,0
Canada,460430,11603
Canada,13,0
Canada,81646,937
Canada,1580,14
Central African Republic,11912,101
Chad,5703,181
Chile,65861,1275
Chile,102336,1540
Chile,28651,542
Chile,30085,375
Chile,10005,87
Chile,163481,2768
Chile,53715,1069
Chile,96573,1450
Chile,52459,708
Chile,29776,502
Chile,108526,1832
Chile,745799,19776
Chile,38750,664
Chile,72599,1614
Chile,44355,818
Chile,46,0
Chile,135353,3580
China,1008,6
China,1196,9
China,610,6
China,1330,1
China,344,2
China,3333,8
China,478,2
China,159,2
China,190,6
China,1458,7
China,2033,13
China,1637,22
China,12482,213
China,68315,4512
China,1199,4
China,1148,1
China,1620,0
China,959,1
China,585,3
China,787,2
China,77,0
China,122,0
China,30,0
China,719,3
China,1033,7
China,2905,7
China,265,0
China,1296,3
China,537,3
China,1,0
China,0,0
China,981,3
China,1763,2
China,1563,1
Colombia,6938,257
Colombia,774874,16682
Colombia,14238,476
Colombia,340613,9709
Colombia,160988,3038
Colombia,106548,2577
Colombia,101396,2288
Colombia,1466026,27659
Colombia,23024,942
Colombia,36010,936
Colombia,57141,1590
Colombia,92325,2537
Colombia,16534,403
Colombia,104656,3741
Colombia,266568,6849
Colombia,2528,30
Colombia,5162,97
Colombia,89217,3167
Colombia,46339,1412
Colombia,100590,3455
Colombia,90379,2286
Colombia,90628,3045
Colombia,100145,4593
Colombia,17350,694
Colombia,58377,1814
Colombia,88747,2252
Colombia,8235,149
Colombia,232631,7431
Colombia,59696,1627
Colombia,108245,3685
Colombia,0,296
Colombia,418709,13224
Colombia,1796,17
Colombia,3042,53
Comoros,4560,151
Congo (Brazzaville),19066,359
Congo (Kinshasa),59851,1118
Costa Rica,567995,7332
Cote d'Ivoire,61882,706
Croatia,648003,11516
Cuba,963493,8311
Cyprus,140030,607
Czechia,2312736,34242
Denmark,4275,13
Denmark,1774,0
Denmark,542794,2996
Diamond Princess,712,13
Djibouti,13514,188
Dominica,6233,42
Dominican Republic,409862,4218
Ecuador,530865,33498
Egypt,367456,20966
El Salvador,119803,3792
Equatorial Guinea,13612,175
Eritrea,7616,63
Estonia,227446,1845
Eswatini,51172,1248
Ethiopia,372868,6822
Fiji,52577,697
Finland,201051,1421
France,46304,331
France,46334,636
France,55080,823
France,46251,735
France,21088,185
France,12479,280
France,63863,391
France,1674,6
France,94,0
France,4040,56
France,454,7
France,7912490,117706
Gabon,37551,281
Gambia,9998,342
Georgia,882822,12631
Germany,924238,12246
Germany,1236138,18533
Germany,296975,3922
Germany,207444,4320
Germany,42118,565
Germany,121633,1917
Germany,442654,8310
Germany,83747,1374
Germany,404963,6560
Germany,1265168,19478
Germany,256019,4409
Germany,67599,1148
Germany,582848,11599
Germany,192294,3955
Germany,104150,1830
Germany,249304,5344
Germany,18850,0
Ghana,131246,1228
Greece,994901,19085
Grenada,5913,200
Guatemala,621844,16029
Guinea,30798,388
Guinea-Bissau,6447,149
Guyana,38453,1016
Haiti,25744,758
Holy See,27,0
Honduras,378423,10415
Hungary,1182922,36429
Iceland,19159,35
India,7696,129
India,2074552,14462
India,55304,280
India,618329,6130
India,726288,12090
India,65515,820
India,1007147,13594
India,10686,4
India,1441610,25100
India,179375,3482
India,828006,10098
India,771966,10055
India,227859,3859
India,338563,4490
India,349402,5141
India,2999785,38255
India,5187033,42579
India,21792,215
India,10405,51
India,793322,10529
India,6642372,141223
India,125478,1987
India,84664,1476
India,137952,513
India,32146,699
India,1051241,8431
India,129180,1877
India,603674,16617
India,955046,8956
India,32417,405
India,2734034,36586
India,677954,4004
India,84904,826
India,0,0
India,1710517,22913
India,344421,7412
India,1621998,19584
Indonesia,4258752,143923
Iran,6150843,130603
Iraq,2087247,23959
Ireland,614952,5788
Israel,1349385,8210
Italy,90171,2607
Italy,32074,627
Italy,96185,1519
Italy,502433,8286
Italy,470881,13886
Italy,137548,4054
Italy,439174,9060
Italy,127392,4485
Italy,958215,34545
Italy,128017,3168
Italy,15340,507
Italy,92858,1264
Italy,53975,1397
Italy,410856,11912
Italy,282597,6912
Italy,80363,1707
Italy,331911,7268
Italy,308087,7447
Italy,68828,1494
Italy,13677,482
Italy,544688,12042
Jamaica,91652,2418
Japan,106953,1161
Japan,1934,27
Japan,5900,38
Japan,100510,1028
Japan,5412,82
Japan,3115,38
Japan,74664,625
Japan,9493,176
Japan,18924,218
Japan,17002,176
Japan,22175,202
Japan,61191,1473
Japan,78741,1398
Japan,24458,220
Japan,7969,129
Japan,3487,53
Japan,4702,38
Japan,9103,66
Japan,169388,1315
Japan,4167,33
Japan,14395,136
Japan,36003,291
Japan,14815,163
Japan,16286,118
Japan,6139,41
Japan,8892,97
Japan,6119,73
Japan,15649,149
Japan,8069,61
Japan,8187,84
Japan,15547,136
Japan,50344,398
Japan,203259,3064
Japan,4463,4
Japan,5866,30
Japan,115912,1059
Japan,12439,104
Japan,1733,5
Japan,26846,209
Japan,15501,117
Japan,3291,66
Japan,382349,3170
Japan,1669,5
Japan,4868,52
Japan,8,0
Japan,5303,62
Japan,3604,56
Japan,5793,93
Japan,5157,29
Jordan,1003428,11917
Kazakhstan,1062279,18005
Kenya,255932,5342
Kiribati,2,0
"Korea, South",510583,4210
Kosovo,161183,2987
Kuwait,413637,2466
Kyrgyzstan,183863,2766
Laos,86148,231
Latvia,260658,4360
Lebanon,686725,8824
Lesotho,22448,664
Liberia,5835,287
Libya,377450,5540
Liechtenstein,5297,67
Lithuania,487953,6933
Luxembourg,93429,890
MS Zaandam,9,2
Madagascar,44800,972
Malawi,62147,2307
Malaysia,236693,3809
Malaysia,163378,2116
Malaysia,161680,1197
Malaysia,73309,946
Malaysia,110667,1291
Malaysia,90119,732
Malaysia,125235,1302
Malaysia,6719,128
Malaysia,156116,1682
Malaysia,236638,2733
Malaysia,251568,1605
Malaysia,767296,9849
Malaysia,78607,639
Malaysia,0,0
Malaysia,205992,2631
Malaysia,10638,150
Malaysia,8868,21
Maldives,92846,256
Mali,18404,623
Malta,40357,470
Marshall Islands,4,0
Mauritania,39742,848
Mauritius,22461,240
Mexico,37663,2973
Mexico,84544,10561
Mexico,57352,2401
Mexico,24229,2102
Mexico,23553,2289
Mexico,75400,8422
Mexico,988137,40205
Mexico,99213,7670
Mexico,33356,2036
Mexico,50224,3125
Mexico,198622,13128
Mexico,77165,6289
Mexico,62843,7879
Mexico,164147,17691
Mexico,380122,44470
Mexico,73726,8238
Mexico,50636,4939
Mexico,34324,2880
Mexico,207752,13640
Mexico,83590,5619
Mexico,125959,15616
Mexico,99462,5639
Mexico,59910,4084
Mexico,106113,6737
Mexico,74917,8926
Mexico,119900,8850
Mexico,143938,5682
Mexico,103589,7014
Mexico,29520,2994
Mexico,0,0
Mexico,124198,14964
Mexico,75356,5702
Mexico,42254,3423
Micronesia,1,0
Moldova,369013,9333
Monaco,4054,36
Mongolia,384912,2028
Montenegro,159433,2347
Morocco,951267,14795
Mozambique,152965,1942
Namibia,131230,3575
Nepal,823786,11552
Netherlands,16549,177
Netherlands,3119,22
Netherlands,17560,182
Netherlands,56884,402
Netherlands,65124,290
Netherlands,86390,535
Netherlands,326583,2442
Netherlands,68251,313
Netherlands,211090,1959
Netherlands,438347,3425
Netherlands,466575,2954
Netherlands,184811,1284
Netherlands,4628,75
Netherlands,12651,17
Netherlands,222559,1391
Netherlands,57292,288
Netherlands,649569,4704
New Zealand,2,0
New Zealand,12781,46
Nicaragua,17328,214
Niger,7149,267
Nigeria,216451,2981
North Macedonia,218723,7710
Norway,310781,1136
Oman,304679,4113
Pakistan,34601,743
Pakistan,33528,363
Pakistan,10425,186
Pakistan,108081,962
Pakistan,180611,5885
Pakistan,443794,13050
Pakistan,477721,7634
Palau,8,0
Panama,480217,7385
Papua New Guinea,35835,573
Paraguay,463650,16500
Peru,32251,1273
Peru,79636,6722
Peru,26593,1520
Peru,116483,9715
Peru,34761,2144
Peru,66665,4145
Peru,102723,10049
Peru,75136,4807
Peru,16404,1174
Peru,36127,2696
Peru,60365,8564
Peru,88103,7060
Peru,91615,10307
Peru,63270,8637
Peru,982487,88960
Peru,45245,4266
Peru,14003,772
Peru,29868,1525
Peru,16116,1044
Peru,92434,12146
Peru,41565,4220
Peru,49095,3027
Peru,30860,1967
Peru,19389,1583
Peru,32221,3056
Peru,7612,271
Philippines,2836200,49961
Poland,3785036,87928
Portugal,1185036,18626
Qatar,245030,612
Romania,1791502,57531
Russia,25250,690
Russia,109253,6027
Russia,24679,482
Russia,49130,558
Russia,117271,1413
Russia,76437,2245
Russia,112679,3890
Russia,76176,1611
Russia,91897,2495
Russia,71856,2249
Russia,29404,867
Russia,133224,5436
Russia,2900,28
Russia,44400,3491
Russia,62922,3035
Russia,26988,444
Russia,144742,6459
Russia,64069,2256
Russia,10938,359
Russia,39969,1285
Russia,78273,1113
Russia,33657,705
Russia,61214,1094
Russia,22895,494
Russia,30832,889
Russia,85706,1115
Russia,77669,1615
Russia,115281,1113
Russia,51310,1730
Russia,91914,1811
Russia,74160,703
Russia,92772,2395
Russia,46421,1021
Russia,106128,9281
Russia,160047,7839
Russia,47000,922
Russia,78869,1880
Russia,94175,2874
Russia,78236,2549
Russia,13122,322
Russia,27522,857
Russia,38167,939
Russia,1978376,35124
Russia,608638,10987
Russia,88438,2626
Russia,3336,84
Russia,220931,9229
Russia,29351,825
Russia,61775,681
Russia,86673,3948
Russia,120331,2945
Russia,66048,1357
Russia,103932,3264
Russia,95399,4390
Russia,147683,7081
Russia,92616,1448
Russia,67840,1140
Russia,182064,9074
Russia,57716,2163
Russia,811251,26762
Russia,72954,1717
Russia,39181,464
Russia,188191,5826
Russia,125613,4802
Russia,80543,2216
Russia,117398,5539
Russia,186106,8755
Russia,56761,1517
Russia,40229,1325
Russia,58110,644
Russia,70374,4008
Russia,92033,2193
Russia,83960,3045
Russia,31142,314
Russia,76857,3126
Russia,114698,3510
Russia,75517,2803
Russia,122073,4940
Russia,93798,2709
Russia,184477,6182
Russia,59739,897
Russia,80154,1633
Russia,90863,1697
Rwanda,100556,1344
Saint Kitts and Nevis,2795,28
Saint Lucia,13086,283
Saint Vincent and the Grenadines,5692,77
Samoa,3,0
San Marino,6464,94
Sao Tome and Principe,3733,57
Saudi Arabia,550136,8851
Senegal,74065,1886
Serbia,1271794,12113
Seychelles,23806,129
Sierra Leone,6421,121
Singapore,272433,783
Slovakia,1272991,15236
Slovenia,437689,5384
Solomon Islands,20,0
Somalia,23074,1333
South Africa,3093452,90060
South Sudan,12873,133
Spain,833874,11361
Spain,176200,3982
Spain,77489,2108
Spain,109661,1029
Spain,548273,7948
Spain,107452,1068
Spain,49660,618
Spain,247697,6548
Spain,318538,7450
Spain,987999,16050
Spain,7885,130
Spain,106204,2000
Spain,201653,2688
Spain,41572,830
Spain,926045,16325
Spain,11549,115
Spain,151018,1773
Spain,94567,1269
Spain,292937,5088
Spain,0,0
Sri Lanka,571426,14573
Sudan,44529,3208
Summer Olympics 2020,865,0
Suriname,51167,1176
Sweden,14428,131
Sweden,29982,359
Sweden,39565,566
Sweden,4798,54
Sweden,45534,332
Sweden,13663,129
Sweden,47129,567
Sweden,27392,256
Sweden,24266,329
Sweden,29009,295
Sweden,36970,356
Sweden,46222,661
Sweden,175664,1816
Sweden,28974,486
Sweden,294831,4536
Sweden,45405,551
Sweden,23061,228
Sweden,27478,202
Sweden,29029,488
Sweden,34293,378
Sweden,211524,2471
Switzerland,1111923,11746
Syria,49101,2804
Taiwan*,16721,848
Tajikistan,17493,125
Tanzania,26309,734
Thailand,2164859,21151
Timor-Leste,19829,122
Togo,26372,243
Tonga,1,0
Trinidad and Tobago,79237,2361
Tunisia,719247,25419
Turkey,9004938,78778
US,10589,158
US,38278,590
US,3714,81
US,4378,95
US,10840,193
US,1537,46
US,3467,101
US,22682,522
US,5825,143
US,3226,64
US,7139,171
US,956,28
US,4864,86
US,2535,69
US,2562,60
US,9457,192
US,9407,212
US,1942,62
US,1873,48
US,7006,197
US,2628,79
US,16266,307
US,9072,192
US,5324,210
US,13145,273
US,15993,295
US,6973,147
US,20128,523
US,3334,85
US,6402,108
US,4671,137
US,1310,45
US,3212,89
US,3231,66
US,17844,426
US,10273,197
US,116555,2004
US,2542,55
US,15185,309
US,4877,130
US,25745,265
US,16271,222
US,1783,68
US,2469,68
US,53813,745
US,3430,93
US,5460,132
US,18924,320
US,74591,1386
US,3385,66
US,34642,787
US,22652,414
US,0,0
US,1421,41
US,3355,91
US,5164,109
US,3402,67
US,7140,65
US,38558,373
US,17027,360
US,1405,42
US,14301,304
US,7310,202
US,36310,645
US,0,0
US,12258,383
US,2575,51
US,1787,38
US,4817,111
US,452,3
US,949,2
US,62172,402
US,6862,27
US,0,0
US,559,1
US,1232,8
US,700,2
US,296,1
US,982,9
US,17358,108
US,243,1
US,4271,14
US,12050,69
US,2221,13
US,2719,10
US,2347,9
US,24695,148
US,2295,2
US,2906,8
US,2355,10
US,531,3
US,630,6
US,1258,5
US,93,0
US,1396,12
US,537,1
US,0,0
US,226,1
US,285,3
US,805,8
US,10,0
US,15684,520
US,18958,419
US,26167,394
US,11574,283
US,8749,141
US,1410,23
US,3497,105
US,824044,13085
US,37059,1084
US,25526,701
US,0,0
US,164693,2972
US,84210,1214
US,10121,199
US,0,0
US,34259,866
US,43233,941
US,3560,62
US,3257,51
US,6386,194
US,44667,649
US,6661,132
US,2039,42
US,609,8
US,4472,78
US,2047,47
US,3416,63
US,2865,77
US,4096,95
US,1465,34
US,3434,75
US,3346,46
US,22653,251
US,11190,183
US,9089,185
US,3073,69
US,1153,19
US,1971,33
US,2989,56
US,20718,228
US,2838,56
US,1952,70
US,16301,407
US,2963,51
US,10615,129
US,3075,44
US,7842,112
US,2581,39
US,7081,165
US,2780,56
US,4635,47
US,12545,233
US,4763,61
US,872,28
US,3523,62
US,2217,53
US,3758,58
US,2137,82
US,3761,53
US,12631,177
US,2752,42
US,2438,66
US,6734,151
US,8852,153
US,1215,25
US,1175,49
US,1425,41
US,1270,41
US,3519,88
US,1622,22
US,3269,78
US,1777,38
US,5226,102
US,3025,112
US,12460,159
US,1303,29
US,60912,943
US,3548,65
US,19197,252
US,1775,32
US,1354,26
US,23574,401
US,4150,61
US,3218,72
US,4917,71
US,1982,46
US,5852,0
US,6083,144
US,2368,44
US,46280,502
US,14175,207
US,1149,24
US,4839,85
US,126741,1516
US,109,0
US,5859,69
US,25830,326
US,4539,89
US,3314,21
US,105074,1061
US,3831,42
US,18636,170
US,158802,2294
US,4622,37
US,10455,120
US,39462,782
US,2611,46
US,159721,1870
US,35733,371
US,7090,114
US,8029,59
US,1543784,27304
US,26666,315
US,18895,249
US,1648,18
US,8817,100
US,45725,681
US,797,6
US,1946,4
US,53328,631
US,13582,107
US,10238,106
US,337937,5814
US,0,0
US,43002,481
US,1990,12
US,393195,5408
US,170837,2479
US,8004,80
US,380385,6007
US,415006,4374
US,57770,678
US,108876,1842
US,31940,362
US,57192,631
US,48090,559
US,154536,1941
US,22684,225
US,26472,470
US,222,0
US,4839,57
US,48211,365
US,43811,416
US,92709,1452
US,14771,187
US,10363,134
US,1027,17
US,87521,1103
US,7868,91
US,146,0
US,105311,1195
US,21914,267
US,10921,92
US,86814,969
US,3004,51
US,91822,939
US,1972,8
US,576,6
US,1922,34
US,35591,287
US,7847,89
US,2755,38
US,240,7
US,917,7
US,1162,42
US,436,13
US,2484,27
US,477,13
US,4674,109
US,104584,1047
US,271,5
US,47041,331
US,9402,32
US,117803,1310
US,3099,29
US,10333,146
US,9081,75
US,547,4
US,2358,17
US,2049,12
US,65,0
US,870,23
US,126,0
US,75181,1030
US,275,4
US,1200,24
US,7169,64
US,1208,1
US,46491,386
US,2290,27
US,1412,8
US,5173,94
US,28908,424
US,150,1
US,2210,47
US,4060,50
US,6850,122
US,4103,119
US,3282,108
US,532,6
US,0,0
US,1778,13
US,595,15
US,3334,6
US,1991,40
US,30308,619
US,1243,11
US,1900,34
US,3890,24
US,824,9
US,108,0
US,1298,5
US,359,6
US,5496,12
US,3420,46
US,109,0
US,756,24
US,54450,558
US,1409,20
US,119682,2332
US,107600,2637
US,19445,349
US,16514,403
US,114705,2297
US,31520,512
US,12731,205
US,1557,4
US,15669,233
US,29583,476
US,90416,1075
US,38922,660
US,478,0
US,49,0
US,68702,1199
US,40637,285
US,6042,62
US,32885,394
US,5369,58
US,82881,914
US,366003,3079
US,3017,45
US,23977,437
US,20892,463
US,34257,352
US,59234,551
US,15080,170
US,6991,97
US,2980,24
US,167780,1483
US,57946,706
US,14803,114
US,2272,20
US,8763,99
US,3197,44
US,1463,19
US,3008,45
US,2782,25
US,6123,45
US,8059,87
US,28990,482
US,16257,366
US,248008,1832
US,3904,49
US,22510,306
US,10275,158
US,2530,28
US,2227,26
US,56310,663
US,129343,1009
US,52265,332
US,7108,56
US,1845,16
US,3691,45
US,66703,689
US,57766,996
US,20746,335
US,690766,6472
US,11339,52
US,15730,127
US,35195,367
US,7491,89
US,234294,1310
US,73910,529
US,231927,2883
US,80825,802
US,138682,1671
US,131041,1387
US,12904,160
US,33077,291
US,58043,844
US,63928,516
US,41865,221
US,48518,657
US,14974,284
US,9326,140
US,4642,48
US,2961,25053
US,3089,74
US,78488,846
US,6495,56
US,13003,89
US,4610,52
US,3542,107
US,1595,37
US,2657,64
US,375,14
US,6789,199
US,2835,68
US,15196,202
US,21058,368
US,3248,109
US,3515,71
US,26163,662
US,2340,85
US,3146,89
US,2449,73
US,6378,75
US,11291,223
US,3786,86
US,4797,123
US,850,21
US,8092,97
US,1566,90
US,16768,357
US,9923,122
US,2279,56
US,39360,723
US,6178,21
US,4723,108
US,44936,487
US,20504,187
US,315,4
US,40629,779
US,1501,36
US,113165,1436
US,7956,243
US,7585,203
US,25471,319
US,3637,65
US,21541,392
US,1152,46
US,3198,117
US,2243,22
US,4790,77
US,94388,1389
US,4812,110
US,3640,134
US,1662,62
US,12574,427
US,22894,308
US,1887,58
US,732,11
US,9006,175
US,3400,92
US,4480,142
US,1652,54
US,3919,114
US,13699,247
US,18896,401
US,35317,292
US,4037,85
US,136224,1852
US,4866,139
US,414,21
US,15535,342
US,11644,206
US,3683,92
US,2771,74
US,137788,1539
US,7635,213
US,39519,684
US,1147,82
US,3868,130
US,3878,96
US,3599,73
US,1501,42
US,39339,523
US,25694,417
US,1450,42
US,15153,226
US,2203,59
US,2980,61
US,2716,91
US,1191,60
US,1566,64
US,3575,99
US,3491,99
US,1487,17
US,9255,256
US,4820,82
US,7662,132
US,1223,33
US,1788,28
US,21609,323
US,4938,110
US,1350,45
US,5065,81
US,989,41
US,3596,78
US,1717,33
US,3047,120
US,1239,24
US,3402,101
US,4296,153
US,1531,44
US,3325,49
US,7788,149
US,24862,667
US,16808,367
US,5906,82
US,2266,43
US,41156,1123
US,26052,350
US,4215,115
US,5749,123
US,4355,106
US,3902,71
US,8673,164
US,1536,67
US,3317,88
US,258,4
US,2672,76
US,1027,43
US,35841,743
US,11812,250
US,719,8
US,1821,62
US,1534,26
US,10680,331
US,4885,121
US,1603,29
US,4341,140
US,747,29
US,170,3
US,3865,115
US,1299,40
US,2283,75
US,1258,58
US,7783,183
US,8415,186
US,5504,177
US,1819,84
US,1250,54
US,11011,326
US,1744,50
US,1109,62
US,3744,7
US,3641,130
US,5490,190
US,11835,164
US,15486,354
US,7428,251
US,776,26
US,3247,124
US,5851,176
US,278,6
US,984,36
US,4934,133
US,23199,354
US,1301,62
US,1592,38
US,1522,46
US,3117,96
US,103,3
US,19307,267
US,11833,143
US,60222,776
US,3241,13
US,10537,102
US,2992,11
US,0,0
US,86663,847
US,556,14
US,14433,207
US,741,15
US,1608,29
US,7281,130
US,3238,27
US,827,11
US,6619,138
US,21905,242
US,1724,48
US,387,5
US,108,1
US,44004,593
US,1072,23
US,4024,43
US,90,0
US,1732,27
US,406,6
US,4416,52
US,1785,26
US,1680,18
US,2922,69
US,2380,44
US,2343,39
US,4531,51
US,4426,55
US,31378,461
US,4801,41
US,983,21
US,845,23
US,761,14
US,9210,42
US,3263,52
US,6475,105
US,595,10
US,1717,41
US,4282,72
US,1114,17
US,2189,66
US,1770,7
US,16705,236
US,2,0
US,1600,13
US,1930,47
US,14987,163
US,829,13
US,2849,28
US,9174,87
US,1156,12
US,5115,101
US,867,2
US,2781,41
US,2862,31
US,31639,209
US,6145,84
US,3090,44
US,3051,54
US,7687,106
US,9027,139
US,699372,11611
US,3640,31
US,2175,28
US,2594,31
US,14091,147
US,3738,38
US,122720,1419
US,3137,51
US,1188,19
US,7432,112
US,4789,71
US,2803,59
US,7969,125
US,5897,88
US,840,10
US,2274,40
US,8657,91
US,1463,23
US,3163,35
US,698,16
US,844,14
US,7691,85
US,4936,86
US,8601,98
US,1798,21
US,7126,147
US,3936,55
US,2701,29
US,2539,32
US,76493,914
US,20336,273
US,18720,120
US,8159,179
US,17055,296
US,90507,1122
US,3613,37
US,5431,66
US,6679,107
US,5501,77
US,17592,265
US,7882,118
US,44321,631
US,7703,155
US,1637,23
US,2432,53
US,2426,55
US,4278,69
US,41371,349
US,26700,237
US,1994,15
US,2444,37
US,5826,105
US,5591,85
US,5599,103
US,2739,35
US,9083,100
US,3,0
US,29998,389
US,4643,79
US,2549,15
US,3060,58
US,623,6
US,1120,13
US,679,5
US,5869,104
US,3279,63
US,21697,388
US,4676,74
US,28814,299
US,1202,12
US,802,7
US,4068,54
US,39817,620
US,958,29
US,7629,114
US,23668,360
US,86,2433
US,3386,52
US,17388,220
US,2293,19
US,2716,69
US,2290,30
US,3340,66
US,2966,33
US,9587,190
US,103822,1188
US,13198,190
US,49661,609
US,6673,94
US,5586,81
US,69421,902
US,13437,195
US,1743,18
US,2305,44
US,10123,127
US,1839,50
US,3093,41
US,8378,130
US,20632,283
US,4757,62
US,6443,81
US,1734,29
US,5217,119
US,8137,112
US,9197,103
US,4756,111
US,17330,308
US,8991,143
US,41238,554
US,4740,101
US,12281,232
US,3903,67
US,3030,44
US,3737,75
US,7311,119
US,12487,254
US,4853,102
US,52693,490
US,13554,188
US,7165,101
US,27001,394
US,9458,171
US,17238,320
US,7954,118
US,7915,94
US,6385,95
US,3450,52
US,6139,106
US,4659,67
US,28348,470
US,7099,116
US,14820,169
US,4441,91
US,17769,270
US,74523,1270
US,8273,188
US,21749,465
US,148805,2274
US,9450,147
US,1547,19
US,6776,114
US,17029,221
US,7397,123
US,10707,196
US,1881,54
US,9619,125
US,941,13
US,3426,74
US,3637,78
US,2556,32
US,3022,54
US,2586,45
US,26504,395
US,4201,44
US,2177,60
US,6604,86
US,4103,108
US,5765,94
US,3220,33
US,5071,80
US,8646,133
US,3714,48
US,51480,662
US,3690,75
US,6932,89
US,3555,55
US,1520,13
US,31738,281
US,2571,67
US,0,614
US,1276,16
US,35390,500
US,2899,59
US,19510,317
US,6456,117
US,1424,17
US,12548,194
US,3999,56
US,12396,272
US,5016,107
US,4948,70
US,6835,61
US,1230,41
US,605,9
US,2181,56
US,2173,58
US,801,17
US,4343,60
US,23080,387
US,4107,43
US,4144,74
US,3312,43
US,5092,49
US,2461,47
US,2031,19
US,3791,56
US,2403,68
US,2784,27
US,8482,128
US,2242,47
US,1945,23
US,1690,29
US,3022,38
US,2616,62
US,8497,116
US,3617,48
US,16034,117
US,1290,25
US,1101,14
US,3149,56
US,7248,109
US,3249,56
US,19729,246
US,1860,46
US,2996,56
US,2693,50
US,1934,32
US,1013,14
US,1312,18
US,1924,37
US,1750,39
US,2665,58
US,2320,41
US,2993,54
US,2540,80
US,4317,55
US,1570,24
US,1951,33
US,1393,41
US,2433,36
US,3469,47
US,6494,91
US,2401,44
US,20765,108
US,4270,64
US,1569,40
US,3069,78
US,6113,107
US,34264,433
US,1849,53
US,1302,28
US,2156,42
US,2427,25
US,3837,67
US,5818,100
US,6898,94
US,2342,30
US,1903,44
US,1294,40
US,1485,41
US,1658,47
US,6907,118
US,2562,66
US,1078,18
US,2813,35
US,1564,32
US,5048,89
US,1243,25
US,84421,824
US,16734,219
US,2506,43
US,838,30
US,1809,26
US,28244,301
US,2079,43
US,6352,77
US,14328,59
US,2908,78
US,1037,14
US,36,0
US,2057,41
US,997,23
US,6794,146
US,8923,108
US,4060,65
US,906,25
US,7688,125
US,2333,40
US,2813,44
US,21185,269
US,1280,10
US,2765,52
US,2412,26
US,1264,22
US,2744,26
US,646,7
US,4507,67
US,2742,44
US,1913,40
US,12204,140
US,443,4
US,584,12
US,3912,78
US,490,14
US,362,7
US,1358,31
US,1738,30
US,1456,28
US,345,13
US,6553,128
US,7380,104
US,490,13
US,3330,61
US,1633,29
US,13647,106
US,460,13
US,378,6
US,5000,75
US,1539,31
US,8398,94
US,7595,97
US,4291,62
US,5117,61
US,594,22
US,365,12
US,1522,30
US,950,23
US,225,3
US,1103,18
US,337,2
US,1140,24
US,5869,91
US,689,9
US,270,10
US,2495,20
US,2987,51
US,611,11
US,86028,971
US,957,17
US,1377,24
US,446,6
US,4142,63
US,216,8
US,11574,137
US,422,7
US,1790,21
US,559,9
US,6116,97
US,2025,35
US,1889,32
US,5103,98
US,779,14
US,4884,69
US,906,17
US,5775,121
US,915,22
US,462,10
US,2314,56
US,3181,53
US,555,17
US,1626,32
US,2370,39
US,542,15
US,874,14
US,0,0
US,1594,20
US,1030,28
US,3337,44
US,1405,27
US,570,7
US,13233,174
US,963,14
US,1670,16
US,8591,65
US,925,13
US,575,16
US,1393,34
US,9552,185
US,915,31
US,90060,1074
US,5213,53
US,28694,478
US,587,16
US,1139,13
US,484,3
US,800,19
US,330,7
US,1031,15
US,3719,62
US,1759,23
US,542,8
US,0,125
US,1074,18
US,332,5
US,942,17
US,334,8
US,1732,34
US,476,10
US,29979,373
US,3785,85
US,4111,77
US,3928,54
US,782,25
US,8841,170
US,1894,33
US,6060,115
US,22753,218
US,3630,41
US,9350,123
US,5713,108
US,1356,19
US,2157,42
US,3244,46
US,13199,152
US,2561,43
US,2604,52
US,5439,66
US,13799,116
US,705,12
US,2196,32
US,5042,73
US,2899,61
US,10912,164
US,5803,48
US,5246,65
US,2381,38
US,1387,37
US,1451,19
US,18974,291
US,1677,34
US,1426,13
US,2503,35
US,55040,458
US,2408,40
US,7748,140
US,7877,106
US,854,21
US,1401,44
US,3025,55
US,4783,41
US,7669,135
US,5170,100
US,2563,35
US,7156,102
US,1554,18
US,19842,325
US,6048,147
US,3792,52
US,3845,77
US,8580,128
US,2929,35
US,594,22
US,9161,218
US,2936,55
US,129413,1749
US,8919,108
US,4020,74
US,26526,301
US,2563,43
US,7697,97
US,2536,53
US,13515,168
US,3010,44
US,1825,39
US,2343,33
US,4282,80
US,2869,64
US,4573,105
US,1552,47
US,5377,93
US,2061,28
US,17586,206
US,2541,31
US,4274,57
US,5304,85
US,2104,37
US,2832,78
US,11073,198
US,3868,65
US,1680,41
US,3691,47
US,992,25
US,4786,90
US,2097,48
US,2513,66
US,4833,69
US,3086,16
US,6108,97
US,9111,107
US,1294,27
US,4756,89
US,11052,107
US,1581,28
US,1045,22
US,2229,26
US,6566,125
US,11593,213
US,2967,25
US,11630,209
US,408,16
US,3423,43
US,4243,44
US,4162,61
US,9386,66
US,7765,118
US,3562,69
US,3241,40
US,6115,96
US,1936,36
US,2384,29
US,1401,25
US,9,0
US,2722,43
US,27750,292
US,2576,49
US,3503,71
US,2594,42
US,9455,135
US,1324,13
US,3895,33
US,10726,251
US,4820,118
US,22196,249
US,3705,57
US,7414,181
US,6196,127
US,2531,99
US,22278,410
US,40397,982
US,35137,633
US,2324,41
US,867,8
US,1819,48
US,2058,66
US,3293,80
US,4848,113
US,64936,1174
US,1719,32
US,4554,145
US,5949,143
US,4834,141
US,3923,78
US,12707,228
US,5911,129
US,2826,64
US,70741,1183
US,4821,130
US,2795,46
US,39840,410
US,18294,321
US,7320,117
US,24935,385
US,2293,55
US,4601,116
US,6783,137
US,47851,1006
US,32470,604
US,0,0
US,4065,40
US,4012,85
US,21670,478
US,1425,49
US,4422,80
US,4584,96
US,7074,98
US,9045,128
US,1268,19
US,3558,70
US,6418,173
US,14469,351
US,8565,163
US,8629,227
US,44620,738
US,23146,530
US,564,10
US,19923,358
US,587,0
US,4245,112
US,10429,195
US,6531,167
US,8294,221
US,6854,152
US,4463,79
US,2185,52
US,1515,41
US,2663,58
US,13950,131
US,6201,90
US,25496,256
US,3278,35
US,3845,56
US,12650,133
US,2590,17
US,2347,10
US,0,0
US,6785,90
US,15103,206
US,1752,14
US,2621,16
US,5690,66
US,4,0
US,3076,36
US,2499,36
US,21095,173
US,10726,272
US,56103,795
US,81122,1906
US,64970,1383
US,6086,102
US,3614,54
US,13004,297
US,9651,194
US,15068,268
US,4507,87
US,26247,397
US,3909,86
US,22674,372
US,23804,287
US,1923,57
US,86011,1737
US,102652,1759
US,4274,77
US,3471,55
US,10513,176
US,3193,58
US,0,46
US,22026,429
US,11822,236
US,5309,125
US,21021,538
US,11534,335
US,92887,1970
US,4076,7
US,128724,2627
US,4482,126
US,74098,1720
US,13513,331
US,180554,4022
US,72378,1908
US,68655,1602
US,117320,1952
US,69245,6
US,111102,2490
US,1368,51
US,1023,9
US,19120,243
US,4271,95
US,2993,45
US,2223,49
US,1435,46
US,10169,116
US,18185,449
US,2257,45
US,23250,359
US,8115,130
US,23415,425
US,8461,108
US,3195,45
US,3449,78
US,4777,62
US,4817,123
US,13172,143
US,1845,20
US,6845,129
US,4844,89
US,17064,295
US,4243,56
US,321,5
US,66135,1234
US,3886,87
US,2214,58
US,11553,156
US,7365,148
US,7834,155
US,5454,63
US,6005,114
US,38696,536
US,11501,127
US,3655,106
US,1792,70
US,10763,149
US,27293,395
US,36843,511
US,2311,44
US,115118,1167
US,386,9
US,1300,28
US,14548,294
US,2326,37
US,16724,231
US,30602,313
US,940,5
US,1597,17
US,149089,2998
US,2314,52
US,8674,93
US,4451,61
US,6055,76
US,4018,58
US,28235,157
US,12689,169
US,2153,44
US,25138,345
US,10981,151
US,1304,39
US,27759,480
US,8327,117
US,179078,2920
US,4739,78
US,3191,77
US,710,25
US,3714,52
US,1136,48
US,4099,73
US,52439,598
US,2951,34
US,1674,50
US,3466,92
US,33618,735
US,6382,157
US,1126,7
US,11901,157
US,28237,589
US,10374,142
US,9435,227
US,52,1
US,11834,193
US,41185,363
US,242555,6108
US,4797,79
US,2334,53
US,67206,615
US,6428,75
US,8412,103
US,9523,132
US,976,6
US,12015,72
US,4852,63
US,5742,79
US,17546,77
US,5174,57
US,2272,43
US,10361,86
US,12489,111
US,1633,23
US,324,1
US,2386,33
US,11624,128
US,70918,611
US,3791,12
US,8184,101
US,2693,36
US,3191,15
US,5954,50
US,8571,101
US,1054,11
US,186697,2081
US,2847,17
US,3653,49
US,7390,88
US,8041,104
US,1667,16
US,2651,40
US,10161,112
US,794,23
US,1863,27
US,1266,26
US,1398,26
US,544,5
US,4827,36
US,916,5
US,5429,63
US,1104,15
US,1584,23
US,4009,46
US,7497,84
US,4504,61
US,5554,84
US,6924,82
US,7567,50
US,1559,11
US,5462,61
US,5332,55
US,1066,10
US,23454,132
US,10157,134
US,2597,30
US,5377,46
US,1549,30
US,6179,89
US,2125,10
US,77579,1069
US,722,11
US,2901,46
US,2764,51
US,11932,146
US,1801,31
US,3289,33
US,27226,193
US,19803,136
US,2673,19
US,31010,431
US,35130,296
US,7159,37
US,1757,11
US,1788,24
US,5066,46
US,613,6
US,555,124
US,3910,10
US,3125,42
US,4073,34
US,42781,378
US,2073,21
US,1242,16
US,7341,58
US,27122,237
US,1947,25
US,4803,125
US,6025,108
US,2113,57
US,3434,90
US,1541,39
US,6512,151
US,2905,51
US,1771,41
US,3246,68
US,1384,27
US,1351,39
US,3025,95
US,3157,78
US,4304,112
US,4619,95
US,4365,95
US,33686,434
US,13906,261
US,1275,30
US,5121,80
US,2259,50
US,3826,109
US,7864,132
US,35150,560
US,32943,646
US,2742,89
US,1329,39
US,195,7
US,4952,107
US,24987,392
US,3421,66
US,975,34
US,1752,43
US,14233,248
US,1460,41
US,8932,143
US,10739,140
US,12396,323
US,2219,43
US,4151,92
US,16698,245
US,4778,144
US,5563,136
US,11431,195
US,15049,283
US,4327,112
US,6793,142
US,7163,179
US,1829,57
US,6774,210
US,3976,83
US,1891,44
US,7267,139
US,6850,136
US,9781,244
US,2151,56
US,5967,157
US,7109,110
US,5164,86
US,1083,28
US,22699,405
US,4806,99
US,656,21
US,4606,117
US,2717,52
US,3667,66
US,4352,106
US,2336,53
US,4807,118
US,5018,84
US,3927,94
US,1650,39
US,0,0
US,6534,99
US,2223,66
US,6942,179
US,7571,170
US,4447,72
US,2079,49
US,1068,39
US,3203,92
US,2486,47
US,4609,93
US,3842,44
US,3232,40
US,885,18
US,4248,79
US,4720,92
US,1907,40
US,2568,59
US,2822,70
US,1950,33
US,26947,191
US,15420,245
US,7190,127
US,1282,26
US,8271,96
US,6759,148
US,13548,201
US,1551,39
US,1136,18
US,16113,212
US,1944,42
US,1222,30
US,14189,202
US,1200,27
US,17175,262
US,3321,95
US,14108,233
US,3060,53
US,3912,76
US,935,38
US,2498,57
US,1202,17
US,1639,37
US,2186,62
US,1813,63
US,4742,93
US,16205,264
US,2464,81
US,1581,28
US,46532,832
US,1780,55
US,1368,21
US,3731,64
US,1282,43
US,734,23
US,1567,19
US,6320,173
US,1528,28
US,61751,844
US,23942,445
US,36359,435
US,8081,109
US,70346,966
US,656,8
US,5709,149
US,5211,89
US,5537,137
US,1878,30
US,10617,94
US,1946,57
US,2715,79
US,2505,34
US,2517,40
US,1118,21
US,5723,100
US,3830,56
US,491,9
US,4356,100
US,2408,49
US,2845,46
US,1513,32
US,1686,34
US,2873,73
US,3490,70
US,8256,169
US,4092,37
US,1483,26
US,2362,35
US,1267,42
US,2138,59
US,3549,39
US,7989,128
US,6970,195
US,3006,51
US,6796,71
US,5525,80
US,5714,97
US,719,19
US,1739,18
US,4044,80
US,3401,62
US,799,12
US,2091,51
US,4468,84
US,509,22
US,464,15
US,7776,132
US,1154,29
US,1065,13
US,61346,729
US,1357,27
US,13000,216
US,139825,2663
US,35191,628
US,2591,34
US,4735,107
US,4269,100
US,1297,17
US,9544,173
US,3386,65
US,0,0
US,3393,82
US,5579,75
US,4243,98
US,1764,35
US,6152,116
US,302,2
US,2789,66
US,1592,22
US,3442,84
US,1435,28
US,992,17
US,1575,22
US,207,5
US,16907,275
US,784,8
US,2411,40
US,308,9
US,1833,50
US,1673,27
US,547,8
US,1869,48
US,21077,214
US,22563,102
US,162,3
US,2486,62
US,122,5
US,409,6
US,3413,71
US,1919,20
US,163,1
US,4740,83
US,12434,154
US,267,2
US,3587,68
US,1409,20
US,311,8
US,276,9
US,755,15
US,17592,189
US,759,23
US,2744,30
US,26,1
US,876,27
US,826,6
US,285,10
US,1457,24
US,189,2
US,5445,118
US,1984,24
US,2335,68
US,1771,58
US,1570,38
US,560,10
US,6294,118
US,1243,29
US,599,8
US,914,19
US,1004,19
US,115,1
US,0,0
US,1386,30
US,273,13
US,177,8
US,31626,462
US,4623,46
US,806,7
US,26,1
US,71,0
US,48,0
US,824,4
US,1695,8
US,298,3
US,407,2
US,8771,57
US,921,12
US,1312,11
US,4071,16
US,1080,11
US,635,5
US,441,7
US,1470,16
US,1090,11
US,1979,21
US,1416,15
US,1591,19
US,5020,65
US,1137,12
US,4182,31
US,244,1
US,864,9
US,6998,62
US,96691,718
US,270,4
US,772,8
US,352,4
US,435,1
US,809,5
US,2758,19
US,256,1
US,306,1
US,276,5
US,88,4
US,312,1
US,11036,117
US,1531,17
US,334,0
US,92,0
US,430,5
US,1516,16
US,94,2
US,828,10
US,976,1
US,753,9
US,940,5
US,1120,10
US,99,0
US,605,1
US,1249,12
US,48000,170
US,6183,60
US,116,0
US,69,0
US,6818,44
US,56,1
US,1254,15
US,944,7
US,605,10
US,1078,15
US,711,11
US,2325,10
US,317,1
US,417,11
US,1659,10
US,962,20
US,6127,50
US,861,9
US,1885,15
US,1166,19
US,158,2
US,2715,2
US,32142,131
US,3620,16
US,6554,48
US,2485,32
US,841,10
US,442,4
US,61,0
US,551,11
US,792,4
US,79,1
US,1133,11
US,2485,1030
US,563,2
US,3203,25
US,1383,7
US,545,7
US,93,0
US,2597,11
US,9439,175
US,4285,86
US,349093,6308
US,5069,72
US,8839,122
US,62,2
US,185,0
US,2600,39
US,786,16
US,664,5
US,7104,127
US,647,14
US,4864,173
US,1194,27
US,232,8
US,0,0
US,68014,996
US,1308,18
US,8299,138
US,5447,23
US,7906,60
US,4352,77
US,8371,40
US,58142,731
US,18232,155
US,39063,355
US,17195,149
US,5428,40
US,2021,13
US,42642,807
US,127771,3036
US,61127,986
US,74660,1494
US,13816,245
US,22978,495
US,112607,3182
US,42903,758
US,102122,2410
US,13601,196
US,43178,1048
US,113798,2503
US,102057,1790
US,64323,1327
US,105429,2418
US,86520,2050
US,8887,214
US,37672,895
US,20078,359
US,585,0
US,84202,2065
US,14049,265
US,91981,1212
US,273,8
US,14425,223
US,4253,153
US,1646,52
US,8282,131
US,370,3
US,38535,567
US,12065,218
US,3929,56
US,679,15
US,52,4
US,650,12
US,14270,286
US,3544,42
US,967,10
US,4730,99
US,17149,529
US,433,12
US,8746,131
US,1462,25
US,5971,87
US,3260,72
US,27491,609
US,3188,31
US,19796,291
US,15641,187
US,1411,61
US,2336,66
US,3069,71
US,1766,25
US,5300,0
US,468,12
US,11640,172
US,36117,422
US,6431,126
US,216715,6831
US,29703,443
US,10654,169
US,10280,115
US,16069,200
US,13634,182
US,5953,98
US,8619,50
US,6107,116
US,6422,89
US,4840,55
US,39381,516
US,132352,2120
US,3205,43
US,5852,27
US,8313,117
US,9251,148
US,5244,91
US,543,3
US,8961,147
US,12162,112
US,357383,11019
US,4429,40
US,7714,81
US,7908,111
US,103052,1275
US,7649,166
US,233888,3344
US,181588,4674
US,30645,434
US,34994,666
US,62668,832
US,12561,121
US,64559,960
US,5952,98
US,15177,138
US,5863,70
US,0,346
US,13630,101
US,333871,10451
US,18581,201
US,95215,1980
US,56632,785
US,26517,240
US,20354,255
US,2987,26
US,2103,22
US,3514,71
US,13833,149
US,13481,199
US,265204,3710
US,10212,90
US,6814,74
US,7949,63
US,19961,298
US,145,1
US,7874,100
US,7303,85
US,11073,111
US,151550,2360
US,5723,71
US,2138,34
US,28003,371
US,6924,119
US,1911,6
US,4083,83
US,3776,56
US,2919,39
US,7619,136
US,2583,53
US,5716,95
US,17349,247
US,30639,441
US,16414,248
US,35139,354
US,14141,230
US,1250,9
US,8843,83
US,3380,39
US,30018,447
US,7200,99
US,4818,86
US,2403,44
US,1727,38
US,19232,317
US,10443,231
US,14812,161
US,48758,500
US,3106,27
US,4279,15
US,27577,326
US,6973,82
US,10410,198
US,36550,267
US,8253,127
US,55383,592
US,10541,64
US,42704,637
US,1161,18
US,1395,28
US,8454,106
US,3446,56
US,72045,929
US,8112,144
US,19382,273
US,8114,155
US,16512,219
US,2927,72
US,7631,87
US,866,12
US,31088,336
US,6057,72
US,34310,343
US,1393,36
US,9774,113
US,9848,179
US,16195,118
US,5202,85
US,3001,66
US,3813,75
US,8957,138
US,165456,1294
US,2245,24
US,4744,110
US,14271,253
US,15820,238
US,29728,298
US,2656,66
US,30879,275
US,12526,111
US,1776,26
US,5627,110
US,9361,102
US,1728,16
US,5550,89
US,30942,146
US,2471,49
US,23212,332
US,7502,150
US,25845,444
US,13412,217
US,27585,481
US,11885,342
US,11739,141
US,5934,109
US,12455,206
US,6987,117
US,13590,247
US,2179,28
US,4092,52
US,599,7
US,9,0
US,39021,374
US,7228,104
US,137498,911
US,2521,33
US,1667,37
US,7075,42
US,18024,317
US,11378,196
US,13727,243
US,6622,76
US,3144,36
US,454,6
US,2123,39
US,1442,21
US,115,1
US,1165,23
US,670,8
US,356,3
US,24523,272
US,37181,272
US,579,6
US,1152,38
US,326,3
US,842,7
US,568,6
US,597,16
US,710,19
US,377,4
US,14383,100
US,358,8
US,441,2
US,550,7
US,396,13
US,759,17
US,342,11
US,1035,28
US,527,9
US,2568,23
US,2142,46
US,1928,19
US,8248,127
US,2169,31
US,610,16
US,250,4
US,1438,14
US,839,29
US,2548,41
US,1040,22
US,444,14
US,2901,21
US,3431,36
US,746,9
US,229,4
US,971,18
US,56,0
US,8904,77
US,296,2
US,5012,92
US,460,11
US,1621,21
US,0,41
US,2519,30
US,14733,230
US,736,10
US,7790,58
US,1182,5
US,4705,111
US,19578,329
US,8276,157
US,13420,252
US,8517,98
US,8196,121
US,10690,235
US,7381,121
US,58244,829
US,3841,80
US,5985,91
US,22855,400
US,32106,374
US,6692,108
US,17390,347
US,5807,114
US,7568,154
US,174644,2692
US,8635,181
US,7566,117
US,27933,189
US,13110,209
US,25306,292
US,5096,72
US,183254,1858
US,7452,122
US,4833,79
US,11324,181
US,24904,381
US,7207,89
US,116183,1559
US,11906,178
US,5092,108
US,2217,54
US,4504,81
US,6947,122
US,4229,93
US,4090,143
US,10117,164
US,5960,101
US,9912,235
US,9044,179
US,33618,516
US,10889,173
US,27400,351
US,7239,116
US,44000,669
US,64792,1044
US,6641,94
US,36833,799
US,13715,199
US,27031,362
US,3116,62
US,7086,100
US,17802,355
US,2414,62
US,82417,1433
US,2238,39
US,5341,66
US,17128,214
US,2251,49
US,5805,104
US,3352,52
US,5782,82
US,12448,155
US,4739,78
US,22148,293
US,6462,142
US,6416,122
US,21726,353
US,12017,230
US,9658,176
US,12771,189
US,9193,166
US,7734,135
US,55694,1204
US,74573,1233
US,28422,633
US,14999,370
US,0,6
US,9819,76
US,4789,98
US,1933,40
US,36841,423
US,8813,159
US,16268,311
US,6690,104
US,20708,257
US,3900,77
US,5056,62
US,1400,9
US,2825,35
US,636,9
US,3966,75
US,1645,30
US,9275,108
US,5435,132
US,24485,295
US,9416,193
US,9265,118
US,2813,51
US,373,2
US,45821,609
US,1089,20
US,21627,311
US,1014,23
US,3191,33
US,11799,263
US,5494,129
US,7737,161
US,747,19
US,540,6
US,10692,212
US,4973,100
US,8734,185
US,721,8
US,797,25
US,383,7
US,549,10
US,1905,29
US,1801,44
US,4287,86
US,974,20
US,2021,47
US,8041,166
US,2710,54
US,1210,41
US,1605,23
US,8570,89
US,5120,112
US,6441,115
US,2045,29
US,1448,32
US,2886,28
US,7103,126
US,7775,106
US,5895,129
US,2992,94
US,2731,53
US,13970,262
US,1978,30
US,1889,29
US,2437,47
US,124882,1887
US,6431,141
US,7318,127
US,6430,101
US,0,0
US,2794,66
US,12414,117
US,7122,158
US,7188,101
US,12919,195
US,1861,40
US,632,12
US,16842,293
US,4066,105
US,6968,89
US,8033,144
US,4369,39
US,1056,24
US,113212,1694
US,5375,1191
US,13507,207
US,8786,200
US,1694,31
US,1723,26
US,4100,51
US,2240,35
US,6311,41
US,33553,400
US,2683,35
US,4462,58
US,5952,113
US,3491,58
US,1947,39
US,24214,201
US,13778,301
US,186,4
US,1095,17
US,1229,33
US,2203,37
US,25426,366
US,4294,69
US,10455,254
US,9171,156
US,1065,21
US,30734,366
US,3728,57
US,15149,189
US,5952,93
US,40612,526
US,1997,25
US,61622,867
US,8464,105
US,195,3
US,2232,47
US,15209,184
US,0,0
US,3433,57
US,767,13
US,3223,47
US,42997,415
US,129,1
US,9990,148
US,15359,253
US,157410,2560
US,11025,244
US,27516,553
US,8107,202
US,68000,1231
US,21661,455
US,9753,144
US,81974,1499
US,30332,572
US,23675,586
US,612,13
US,10580,219
US,23732,267
US,57893,916
US,6230,160
US,13421,238
US,6327,96
US,9857,171
US,14127,231
US,32924,676
US,39635,716
US,68413,1536
US,5023,68
US,37963,575
US,21461,483
US,1797,29
US,25226,509
US,2823,40
US,5968,72
US,7932,189
US,11527,276
US,6460,161
US,3533,134
US,26552,565
US,81990,1449
US,13337,313
US,24052,366
US,55725,985
US,48230,1008
US,20457,409
US,6047,108
US,16686,383
US,8575,231
US,22888,394
US,96653,1934
US,2986,75
US,51178,834
US,15687,438
US,6271,135
US,197431,4145
US,6351,70
US,2437,69
US,23753,519
US,5650,116
US,12947,291
US,717,24
US,4990,78
US,5789,159
US,0,0
US,8439,119
US,8503,180
US,5340,165
US,31681,463
US,6856,129
US,54315,1016
US,3429,71
US,74081,1100
US,626,0
US,2244,0
US,2739,0
US,1475,0
US,935,0
US,1248,0
US,4146,0
US,407,0
US,1050,0
US,1560,0
US,13745,0
US,1584,0
US,8071,0
US,1589,0
US,2689,0
US,11556,0
US,1659,0
US,1744,0
US,547,0
US,948,0
US,1756,0
US,1157,0
US,921,0
US,1997,0
US,51,0
US,2780,0
US,1762,0
US,705,0
US,350,0
US,1172,0
US,523,0
US,5917,0
US,2799,0
US,1718,0
US,602,0
US,2718,0
US,2362,0
US,433,0
US,1523,0
US,2773,0
US,674,0
US,1084,0
US,333,0
US,1994,0
US,1599,0
US,1092,0
US,1951,0
US,136,0
US,460,0
US,3465,0
US,2164,0
US,1741,0
US,1369,0
US,1942,0
US,1033,0
US,434,0
US,429,0
US,719,0
US,5061,0
US,1264,0
US,806,0
US,2939,0
US,631,0
US,1003,0
US,963,0
US,25312,0
US,2189,0
US,1918,0
US,653,0
US,5008,0
US,5216,0
US,3929,0
US,4509,3274
US,1205,0
US,2437,0
US,4004,0
US,209,0
US,916,0
US,1372,0
US,1074,0
US,0,0
US,6832,152
US,25600,406
US,9921,54
US,125753,2141
US,16876,22
US,16293,182
US,4032,53
US,27772,356
US,1377,21
US,38200,801
US,2188,64
US,3965,88
US,27849,319
US,31864,357
US,1787,53
US,67416,747
US,10422,260
US,6662,123
US,7670,151
US,5242,136
US,5782,190
US,12401,234
US,6497,117
US,34752,391
US,4558,59
US,3368,93
US,27417,553
US,9986,186
US,109023,1535
US,13095,237
US,3153,75
US,64420,917
US,4019,82
US,12526,215
US,16914,238
US,12149,238
US,2694,79
US,56131,725
US,5572,143
US,4955,84
US,1432,30
US,7803,151
US,16229,249
US,14900,340
US,28881,499
US,70854,795
US,2619,57
US,63807,1254
US,16949,306
US,0,0
US,4914,112
US,5747,129
US,49084,533
US,578,17
US,3573,48
US,521,9
US,1780,30
US,5510,41
US,7437,107
US,982,15
US,472,16
US,2115,35
US,204,5
US,2056,28
US,570,5
US,2376,17
US,6205,90
US,735,15
US,1475,19
US,4217,70
US,885,30
US,780,12
US,2154,34
US,573,12
US,678,14
US,1217,24
US,450,15
US,1483,46
US,827,31
US,345,11
US,1129,40
US,427,8
US,481,5
US,168,2
US,3446,50
US,1262,28
US,219,5
US,428,19
US,318,18
US,148,1
US,988,19
US,1736,20
US,4810,71
US,11312,79
US,850,11
US,530,8
US,1046,29
US,360,8
US,5007,53
US,348,4
US,371,11
US,41327,417
US,928,24
US,2619,54
US,23068,272
US,494,16
US,490,5
US,1698,45
US,422,3
US,1096,29
US,501,3
US,195,3
US,1876,40
US,950,21
US,1471,62
US,0,0
US,2949,46
US,973,19
US,4129,44
US,480,10
US,13801,238
US,9670,173
US,3029,60
US,3585,26
US,24895,284
US,22927,242
US,7669,93
US,2895,45
US,5952,113
US,11157,236
US,7313,77
US,3640,77
US,5918,120
US,1582,37
US,7690,122
US,11010,171
US,3426,65
US,11727,237
US,125840,1226
US,4362,77
US,2520,44
US,10884,173
US,8285,156
US,7569,110
US,3888,72
US,8276,108
US,10907,195
US,6265,131
US,4607,74
US,14657,249
US,2955,44
US,13537,223
US,66111,726
US,1309,21
US,5220,88
US,5755,91
US,11040,188
US,3942,79
US,5960,110
US,5647,96
US,4845,81
US,1958,47
US,3400,50
US,2138,43
US,10369,165
US,4044,54
US,82191,977
US,2035,32
US,5287,72
US,9865,134
US,2575,44
US,6887,99
US,9588,108
US,5630,100
US,18348,330
US,5938,75
US,7096,95
US,20086,246
US,10885,147
US,4853,77
US,2265,33
US,10088,140
US,34133,371
US,1474,25
US,3987,51
US,7018,121
US,29887,154
US,4973,86
US,1660,35
US,1135,26
US,3298,34
US,17304,228
US,7231,101
US,10483,168
US,14568,206
US,64768,610
US,5826,69
US,3089,39
US,21115,290
US,149587,2409
US,4293,55
US,2225,39
US,29321,472
US,35748,450
US,11867,150
US,3261,28
US,22711,144
US,3309,69
US,3528,51
US,1312,32
US,8931,133
US,23858,347
US,4189,41
US,6533,98
US,5825,102
US,41679,284
US,28159,357
US,8145,208
US,2954,65
US,13919,422
US,2654,67
US,1334,24
US,322,8
US,8829,209
US,3715,56
US,1041,28
US,2484,64
US,14592,186
US,596,24
US,5402,135
US,39782,744
US,330287,5299
US,1315,28
US,44,2
US,2507,57
US,13070,347
US,61377,859
US,39302,368
US,1107,23
US,257,7
US,1139,47
US,7217,175
US,3334,60
US,7653,132
US,8611,156
US,3920,38
US,1935,57
US,67334,1825
US,2097,67
US,876,28
US,4574,158
US,1428,40
US,8884,59
US,6900,228
US,1788,22
US,1608,25
US,502,19
US,694,18
US,1204,57
US,134856,1186
US,437,11
US,2641,55
US,20510,468
US,2388,66
US,744,10
US,5243,105
US,10864,168
US,253,9
US,964,19
US,794,17
US,1091,39
US,409,11
US,1330,30
US,421330,5665
US,2229,80
US,3024,86
US,3574,87
US,668,22
US,112576,1073
US,268,14
US,3824,46
US,658,18
US,2009,60
US,2259,85
US,27211,560
US,337,8
US,163499,3005
US,34380,485
US,6512,108
US,2617,51
US,5116,154
US,3657,93
US,448,19
US,1263,40
US,186,10
US,103670,1039
US,1383,37
US,2798,73
US,4189,77
US,2195,66
US,65727,717
US,755,23
US,3699,82
US,158,3
US,670,28
US,3610,86
US,4091,86
US,16698,519
US,19515,583
US,5327,109
US,25261,349
US,8203,197
US,592,15
US,1336,29
US,1184,27
US,459,14
US,10549,214
US,590160,9622
US,9335,188
US,953,2
US,668,35
US,34173,408
US,728,3
US,10036,352
US,120542,3504
US,5929,170
US,4528,138
US,9972,214
US,5544,148
US,2897,88
US,5898,145
US,609,14
US,11259,312
US,4169,99
US,196,2
US,1021,22
US,2794,52
US,4158,163
US,213,6
US,32225,729
US,937,20
US,7296,183
US,29678,578
US,3296,78
US,4287,58
US,24516,447
US,5317,102
US,61,2
US,145,3
US,7259,141
US,453,11
US,26,0
US,524,10
US,4388,133
US,374,22
US,1419,40
US,9016,220
US,3063,97
US,3630,70
US,3236,100
US,3006,54
US,2511,71
US,13264,361
US,3704,111
US,462,12
US,1762,38
US,2722,80
US,14,0
US,68941,1065
US,902,27
US,2533,46
US,1200,53
US,879,24
US,581,8
US,6157,161
US,13026,412
US,965,39
US,43459,762
US,118,8
US,7108,170
US,356,11
US,29988,394
US,3831,91
US,925,28
US,1024,43
US,3189,98
US,90120,1121
US,3688,91
US,1699,57
US,173,9
US,7975,237
US,9021,190
US,963,54
US,2548,82
US,68800,1302
US,1632,38
US,385,6
US,13921,303
US,4912,124
US,3011,109
US,25121,351
US,1613,42
US,2384,57
US,5997,218
US,25853,579
US,922,28
US,1542,49
US,26252,381
US,631,10
US,584,21
US,1455,56
US,3754,59
US,1205,31
US,111,1
US,2987,68
US,18017,223
US,1758,56
US,8251,189
US,971,77
US,902,38
US,2954,82
US,7218,298
US,1006,29
US,364,9
US,3573,85
US,549,7
US,2980,113
US,308,16
US,37408,829
US,1519,25
US,11867,336
US,1290,37
US,181,5
US,240,6
US,643,11
US,1510,23
US,375279,4947
US,23839,596
US,110,3
US,2294,68
US,142,7
US,5872,104
US,25603,393
US,123993,1485
US,1668,62
US,2506,72
US,0,0
US,5944,156
US,641,15
US,6432,118
US,10772,256
US,8321,228
US,13141,354
US,11895,187
US,6655,87
US,2026,35
US,5887,133
US,57436,920
US,6327,190
US,815,14
US,22542,539
US,2446,69
US,4944,114
US,79725,735
US,7746,142
US,1364,32
US,11718,207
US,6714,233
US,1341,35
US,3039,74
US,2241,46
US,2575,56
US,34615,189
US,14908,124
US,62483,299
US,216146,1277
US,2781,43
US,7070,57
US,44761,469
US,7639,19
US,13753,81
US,9001,81
US,1677,2
US,139619,619
US,6812,31
US,49416,349
US,2142,10
US,4694,39
US,2834,21
US,13832,132
US,820,2
US,4483,53
US,462,2
US,1867,9
US,1896,8
US,3635,27
US,6189,35
US,190,0
US,4597,29
US,3100,27
US,4316,35
US,7598,87
US,4285,81
US,8705,113
US,15185,155
US,2342,84
US,1607,42
US,4623,62
US,2597,36
US,20112,276
US,11010,140
US,530,15
US,10705,168
US,1148,18
US,4325,58
US,2535,50
US,1871,35
US,2920,82
US,2777,40
US,1455,31
US,7837,152
US,4429,56
US,4487,105
US,764,21
US,1421,28
US,5645,62
US,30326,374
US,42491,583
US,1599,32
US,2740,70
US,790,18
US,684,10
US,7177,92
US,773,19
US,6582,201
US,2063,30
US,3513,60
US,846,46
US,1356,20
US,97108,1178
US,1120,35
US,736,14
US,7807,91
US,1629,32
US,3042,29
US,6751,115
US,1699,43
US,13035,165
US,3260,26
US,1670,64
US,2454,35
US,4088,80
US,2268,32
US,2376,54
US,2413,45
US,1978,26
US,4235,117
US,15750,249
US,12893,202
US,8633,114
US,36966,737
US,7239,185
US,204,4
US,3793,94
US,4708,92
US,7630,99
US,2972,24
US,2207,26
US,690,9
US,1102,24
US,3981,62
US,1650,37
US,37054,304
US,3693,54
US,1219,23
US,12312,199
US,1153,23
US,5399,54
US,1295,15
US,2269,94
US,936,24
US,3656,91
US,1008,33
US,12379,116
US,1525,23
US,2658,27
US,21531,306
US,25541,361
US,1201,47
US,1279,37
US,687,17
US,2683,70
US,4152,63
US,3744,89
US,2373,60
US,5202,105
US,8647,133
US,1411,23
US,13188,252
US,3061,31
US,3046,52
US,5362,52
US,58346,590
US,4530,98
US,3129,36
US,654,5
US,1746,16
US,25591,375
US,13079,186
US,13231,258
US,2328,66
US,10083,174
US,4300,70
US,3979,73
US,3568,86
US,7183,177
US,5348,126
US,2484,71
US,16682,168
US,17476,111
US,3649,85
US,11427,251
US,643,13
US,1600,29
US,6325,120
US,0,0
US,52482,579
US,5661,98
US,8546,161
US,3854,53
US,2038,38
US,1243,13
US,3967,57
US,6116,134
US,4923,113
US,5852,83
US,3383,34
US,3083,51
US,32644,393
US,12352,123
US,5431,77
US,46238,569
US,398,9
US,14600,268
US,6718,51
US,884,18
US,20850,184
US,269,7
US,17208,175
US,9750,149
US,4595,52
US,1294,20
US,176281,2111
US,18640,255
US,5394,55
US,2305,30
US,11277,180
US,1513,25
US,6619,85
US,5679,102
US,1938,38
US,1696,24
US,101186,987
US,448,0
US,13157,144
US,873,7
US,74153,813
US,78533,1121
US,5467,107
US,23556,262
US,1542,4
US,309,5
US,9351,113
US,18961,182
US,6080,82
US,45757,642
US,3061,53
US,21267,202
US,4073,62
US,2481,27
US,3477,81
US,16545,288
US,1124,9
US,1449,24
US,1470,12
US,7048,141
US,1496,14
US,2554,42
US,5394,112
US,3843,54
US,4731,121
US,2773,37
US,12644,190
US,4362,98
US,7881,94
US,27361,559
US,3464,60
US,3308,54
US,5907,149
US,9300,136
US,5850,126
US,4070,63
US,3290,56
US,10152,191
US,5108,129
US,5113,93
US,14716,150
US,2337,27
US,2481,51
US,4496,70
US,6943,123
US,1277,16
US,1528,31
US,1288,21
US,6063,108
US,10005,144
US,12892,204
US,5609,58
US,1610,23
US,1891,27
US,1584,35
US,2715,47
US,1260,31
US,1474,25
US,0,0
US,4560,71
US,6192,92
US,1456,26
US,2876,65
US,965,17
US,14601,271
US,4003,75
US,3178,37
US,2290,23
US,10031,101
US,2132,30
US,54320,346
US,2336,8
US,2840,33
US,9961,77
US,12856,134
US,5738,91
US,9368,97
US,2784,23
US,64834,398
US,18792,244
US,4362,44
US,7660,70
US,8905,53
US,19369,155
US,746,14
US,20975,180
US,1818,36
US,8889,123
US,5739,38
US,3539,43
US,3252,20
US,1007,43
US,4020,36
US,14177,174
US,5233,46
US,27706,419
US,4235,49
US,20509,130
US,2526,15
US,3652,61
US,5098,120
US,14220,128
US,26483,346
US,8430,87
US,2745,38
US,1015,11
US,166443,1725
US,7947,61
US,8249,80
US,6025,103
US,36374,295
US,14180,128
US,1370,12
US,7964,55
US,8777,102
US,11609,121
US,2330,16
US,36488,491
US,2613,33
US,26207,267
US,2524,37
US,10242,78
US,3283,40
US,8204,99
US,21789,200
US,16885,100
US,3593,50
US,5754,52
US,0,0
US,3763,70
US,3535,64
US,18052,207
US,2943,31
US,26463,242
US,72407,790
US,9770,204
US,4248,61
US,32736,295
US,13545,155
US,6888,40
US,2162,58
US,9384,124
US,3226,45
US,2354,45
US,1004,21
US,9550,156
US,2676,49
US,892,11
US,1373,16
US,17971,223
US,3003,25
US,16535,230
US,499,8
US,5581,108
US,1561,33
US,5900,59
US,1504,23
US,8190,103
US,5437,14
US,4091,31
US,0,0
US,1863,36
US,1218,14
Uganda,127944,3265
Ukraine,123125,2356
Ukraine,91710,2243
Ukraine,117249,2893
Ukraine,123296,3847
Ukraine,237227,8321
Ukraine,160588,4833
Ukraine,123769,2963
Ukraine,238860,5965
Ukraine,77580,2574
Ukraine,141913,3108
Ukraine,311471,7825
Ukraine,179095,4394
Ukraine,31045,1329
Ukraine,58445,2078
Ukraine,214162,5701
Ukraine,111448,3130
Ukraine,233609,5363
Ukraine,132253,3410
Ukraine,124017,2149
Ukraine,50660,1762
Ukraine,127853,2684
Ukraine,104460,2014
Ukraine,108224,2868
Ukraine,98375,2060
Ukraine,83619,2154
Ukraine,176367,4823
Ukraine,137220,3105
United Arab Emirates,742641,2151
United Kingdom,1523,4
United Kingdom,5764,106
United Kingdom,2816,38
United Kingdom,7839,9
United Kingdom,20327,107
United Kingdom,9092016,127154
United Kingdom,83,0
United Kingdom,7485,100
United Kingdom,12441,67
United Kingdom,44,1
United Kingdom,337034,2918
United Kingdom,4,0
United Kingdom,757813,9707
United Kingdom,3119,25
United Kingdom,0,0
United Kingdom,532302,6476
Uruguay,402149,6141
Uzbekistan,195246,1430
Vanuatu,6,1
Venezuela,437113,5229
Vietnam,1382272,27402
West Bank and Gaza,463573,4830
Yemen,10056,1962
Zambia,210724,3668
Zimbabwe,155817,4723
